,C1,C2,C3,C4,C5,C6,C7,C8,C9,C10,C11,C12,C13,C14,C15,C16,C17
Afghanistan,6.0103247320427124,0.2741931526426469,-2.404750164414409,0.05500616266564199,-0.927290529945616,1.4627354576037537,-0.9824899707637479,-1.0178086900860024,0.8332049733911461,-0.21833796611336456,0.11052796884334884,0.39619694951514217,0.12534944112306448,-0.056640996555007886,0.1055824479936115,0.25508142692621444,-0.09791145271145811
Albania,-2.221346871475354,0.8984499532863586,0.6266272827752714,-1.0225151891948425,0.15343069860578212,-0.6981708124529742,0.23756798938300636,0.014891749596005295,-0.2964705281096834,0.1498393867786275,-0.08700441525585882,0.2565620701849562,-0.5088161085850382,-0.00886498926329847,0.009038182919683401,-0.031566649643568,0.01101393936796283
Algeria,-0.3831711024921497,1.488469700190442,-0.22040369425036857,-0.8728781436065158,-0.23538777230871927,-0.11646634681537672,0.7815515856265811,0.19896475678125047,-0.4040517953709866,-0.28853169052987754,0.00919243674000858,0.10260682461736782,-0.274047687730505,0.04120582480274874,-0.04865634479393209,0.07279578160920201,0.014062315276225998
Angola,5.217736572564901,-2.485063643087403,-0.6421086034027591,-0.28070285916833093,-0.17960155686602014,-0.7218853968630655,0.457585249268752,0.13675522057995754,0.9409001137130846,0.4228454674579625,-0.021625946014303718,1.1720596188001464,-0.45692943163069005,0.9493658928322287,0.17362254654666717,-0.21897808528072732,0.06074650491207362
Antigua and Barbuda,-1.9624347054747138,0.6920930312293788,0.4188411958294335,-0.21367046050738117,-0.0022757722920181693,-0.05223870423221851,-0.7303358918790502,-0.3209788026537217,0.16540250718370886,0.7457703436268963,-0.29455992881666127,0.03216064055283485,-0.02005981226048622,0.04198572614862781,0.014457139843427934,0.09092902010872755,0.07799911787014288
Argentina,-2.0007375027466847,-0.2977445804175424,0.21866640134395346,-0.6995149751822385,0.7368035953815393,-0.26832533454231516,-0.027204900334382606,-0.29412966352261594,-0.025954473767831217,0.5819961916067634,-0.34639571479506626,-0.25062274579375166,-0.1906336699344534,0.06268841403088377,0.03155607317778091,0.039354248206550604,0.012424623753753524
Armenia,-1.6287434175920927,0.3487332124776691,0.4798504567594956,-0.9958867473690654,0.4165659688683351,-0.39170625240170437,0.570244784842866,-0.28074210186223286,-0.5170764172495065,0.23180757065009633,0.6127361884370851,0.13165935572134005,-0.34849155253163006,-0.0432211258588093,0.012769330450727447,0.0013145872820921152,0.009134245279272684
Australia,-4.10850103245964,-1.564669211008629,-0.7432554885664852,1.0278989418841018,-0.5648520726917121,0.4823920621046111,-0.039257191465051876,0.6075903352375187,0.5137206699575548,0.11959483737167732,0.028099132019924974,0.3909380084235238,-0.054979388053490987,-0.040603361333543794,-0.07635452368752974,0.051949560458035594,0.026038806403312287
Austria,-2.8740176364426357,-2.032637657907705,-1.3992036973094633,1.2235363770787127,-0.5806681162131453,0.6188277408009993,-1.2160049311085928,-0.2933578503302284,0.05166794097500067,0.15580297142716398,-0.4248777343581988,0.20206223134355134,-0.0036978589705099324,0.0026914276818182604,0.021535055479172654,0.013940625185254487,-0.031523881375339055
Azerbaijan,0.037754059965577076,-0.5122145960325204,-0.32181804660380553,-1.4208807650564335,0.6089537345014979,0.3761940701498129,0.5564062020193449,-0.15420272011531283,-0.6385518550652003,-0.06161408423817116,0.9942479358986598,-0.30102443624824,-0.6530505390485695,-0.016224490334800654,0.022568132927764946,0.021610666371679573,-0.0849292450309497
"Bahamas, The",-2.403957157366652,-0.33311445102516757,0.6094443634366067,0.20989481112823358,0.21423918847236972,0.410042899078326,-0.06484837827080375,-0.06571701418147433,0.7245680387753004,1.3800631149828246,0.004275099493790411,-0.3276328254099075,0.05859838454555156,0.05462679631585561,0.03590000750242154,-0.009623162329539053,-0.03639936903358213
Bahrain,-1.8577092140169635,1.7875338940960126,-0.06830073873001058,-0.42211178189822746,-0.6765333028182542,0.35427879245426186,0.8244402012339005,0.395288512246788,-0.20712020861721242,0.3574893795948844,-0.029795405363139862,0.2707049727116886,-0.07963825843496948,-0.017431554561273398,0.110946923882988,-0.1248891421285528,-0.022969791516406487
Bangladesh,2.282157165392718,3.0215411511370474,-1.4330731718944367,0.8675712561338331,-1.0096173212290624,-0.02996519660539182,-0.252469297274389,-0.04035598841125415,-0.5022248598054665,-0.15858311782447976,0.12499556753178317,-0.16760494011815097,-0.42690892170682204,-0.031232358394884703,-0.03160637080049126,-0.009554935252474896,-0.059836050232827565
Barbados,-1.8978201544439188,0.09104993291892138,-0.015907616291998525,-0.37665411841301966,0.23929674260797407,0.2943063166253668,0.20678938183685408,-0.6757799463817215,0.43518710456220233,0.6616982504177487,-0.4588345192528128,-0.011623996283298337,-0.3474126005357215,0.018293718134514074,-0.09288484354529121,0.18813406527044826,0.1255026774197281
Belarus,-2.1994587188658046,-0.10666207787981241,1.0754469932563104,0.19228808478701903,0.5407799039797293,-1.1715403582165598,0.2908451388515307,-1.255712897608937,0.24532659339736673,1.0505609570794991,-0.15380662055356306,-0.1490710119835877,0.3788743548810171,0.047881038960836536,0.05148853302816017,-0.048367968952663536,0.01867306371674105
Belgium,-3.6583347814825524,-1.383880507692027,-0.6240317902155156,1.0889488548262944,-0.5607523113862739,0.0795912731305311,-0.5233602480780916,0.10906688332932335,-0.13829861779815697,-0.1518236436481151,-0.16851929720945563,-0.32299966871146957,-0.04909485942022139,-0.024891719139835695,0.008461385311032958,0.013301673330302483,-0.007293824698218539
Belize,-1.7513801209379976,0.5337674933100837,1.085863991724515,-0.5914146400445022,0.6477991542219844,0.012166413281782,0.37288321772957717,-0.6093597464013039,0.5957727480608098,0.17331307401950122,0.34239158214802645,-0.13417152453647832,-0.049490241626198,0.021255116170069647,-0.005023171520494737,0.0422692117238569,0.05481096968516079
Benin,3.4861307331663944,0.15547573500329948,0.01616465537441903,-0.29320986157585216,-0.8406224319685156,-0.8078391204461974,0.8050311732871716,0.609857300870047,0.24143190545740598,-0.25390792962832315,-0.02092157815864481,-0.3661200584246724,-0.27845647804960677,0.02292979474482295,-0.0006003690513618652,-0.06568588600540219,0.06013905912050017
Bhutan,2.4048529044459612,3.688298751207258,-0.41727733352643004,0.8845452198961878,-1.8795280370250222,0.3596686434109957,0.6405567385041385,-0.6217876806118202,0.6790837635259588,-0.4599103506255634,-0.18548111139071774,-0.4892658258195449,0.4978445545372568,-0.008584949933145472,-0.262405082714474,0.10318406685687315,0.058156400225928044
Bolivia,-0.0737277157518089,-0.22660431423402258,0.7337486477182649,-1.177401714284543,0.3802072124361295,-0.6525051214385224,0.020725940463937265,0.4585015534824901,-0.14812015350461857,0.045489119606836284,0.31210723199852036,0.032004000214395784,-0.04695324497430288,0.05914446244078482,-0.040997774314891884,0.03609533589086676,-0.058558455430706695
Bosnia and Herzegovina,-1.3872818107880442,0.5263633158543906,-0.001376272818072677,-1.0237606671264887,0.12654888297688865,-0.33985907303581725,0.25870669317244466,-0.3212078703269011,-0.4972452279228555,0.15544841213994087,-0.580751244572115,0.5347878906746937,0.06829483007239875,-0.0019972335068010947,0.04447626324222232,-0.03696667219377376,0.026378195132064342
Botswana,1.6617892192778876,0.5509644494840006,3.8650639961528652,2.68414426389493,0.6224704408189558,1.085915111946831,0.5446897353877282,-0.2099689614873507,-0.712021687956375,0.046328510776699146,-0.13373596838215976,0.16183281010947745,-0.36202613500314784,-0.014436470588342472,-0.003562631688971344,0.009911008559833413,0.018636569988417517
Brazil,-1.1464830533952326,0.9952350938162717,0.08263045114799802,0.040395209860606185,1.0196046317799052,-0.6096618885279338,-1.050640368200072,0.3723533109445903,0.15849450451431493,0.32520228109592686,-0.5781198924478897,-0.279888273327255,0.03291147870496436,-0.03471163145730922,-0.06156322623245852,0.09742278684188652,-0.019308455218432417
Brunei Darussalam,-1.8761326066109054,1.5736945271897698,-0.09373054693033823,-0.49229207420611004,-0.6390523034392049,1.0105585452988004,0.8628822524233267,0.8631663364078302,0.10653506327315854,0.4587673392892611,0.14935565106439538,0.1628473061104007,0.20459966950395278,-0.023517535809031154,0.1488594796798623,-0.11363684392255682,-0.04181325379737158
Bulgaria,-2.6717707573009624,-0.6910284087404197,0.23375207677600246,0.7858718763348046,-0.26538089481764415,-1.0955665635405158,-0.2540802522548153,-0.766577835545077,0.20682293330880863,-0.9512050944989533,0.1921909116994297,0.29430598586229223,0.1559462449208264,-0.05336104941418014,0.030803101989024716,-0.07758587205434442,-0.07544510277702629
Burkina Faso,4.005323758711644,0.070850209812017,0.2828287827518222,0.32076392768713347,-0.9428611911480451,-0.9134081174452571,-2.5173853013799827,0.7164186744290841,0.6300577198991736,0.2568897760312359,-0.36414663044755935,-0.5886494217879379,-0.3750461157000754,-0.28098026652528474,0.24342015364667433,-0.11294090255132866,0.22612379645908434
Burundi,3.3062032865788282,0.7451416933336468,0.7985659201489197,0.6926877050183752,-1.1293557393970235,-1.2599233004214734,-1.3232477811387908,0.5779978203095499,0.2863380931756383,0.3157365981086521,-0.10664790927416638,-0.4827264499175211,0.05139035316881426,0.08173859006723755,0.06086357075442231,-0.056917810629776376,-0.03484644791607041
Cabo Verde,-0.018378132482931506,1.648433689118151,-0.050667526620651236,-0.14914228642451544,-0.7480293162735967,-0.4736929786030436,0.7082138503515306,-0.39807799007932404,-0.2966667976902585,-0.08450293599107858,-0.7733133270607455,-0.40540636876357466,0.03310721977271474,0.03403913516925717,0.06651522416508587,-0.11454497199766361,-0.12580948763954894
Cambodia,2.848190274346745,1.2950193477377374,-0.8192137252836319,0.11975559321222261,-1.060128948220849,0.12501061645831457,-1.1189767782196092,-0.20164211011414127,-0.2644886522882929,0.057224109566397216,-0.19475168123190034,0.3935088370594107,0.07592188858583171,-0.07071904856381102,-0.08005487693684567,-0.051652112793537215,-0.21425745089384776
Cameroon,3.4037399959133,-0.6139644624687841,1.1611427923369253,0.4932865224634758,-0.0529915359502907,-0.5484670250366122,-0.36995392691010054,0.2599790128525963,0.6591035943720042,0.21829394237860716,0.3845276820571967,-0.22840718761933423,-0.11469151296877403,0.06112436512523242,-0.013179132504845818,0.023605367081259432,0.1273455870408041
Canada,-2.8763734956784655,-2.9373248735508244,-2.0541516956707024,0.4275359530221768,0.26822434087380265,1.1080565540776668,0.8409270624137558,-0.4835601011496539,-1.6584790807927656,-0.5245306243640607,0.26716543486976807,-1.9758064543367357,-0.27876068656069014,0.2652058382156763,0.1627521180697285,0.011384080538256274,0.05031969432169558
Central African Republic,6.989811132862211,-3.1391150303327624,-0.18183071948989024,-0.1496396336979507,0.09829588866951523,-0.20871340982159628,1.108160868538087,0.12445796433558078,-0.05898619873239073,0.06555290380985744,0.525089077271684,-0.08457315277535027,0.440445172658097,0.18382863099727298,-0.18937552725420032,0.18664150877986516,0.00857931352598518
Chad,7.280534207561096,-3.5289583172283714,-1.701660063402023,-0.941015400850937,-0.10652475828376791,-0.2222560547646483,1.44418833538783,0.016604234804943725,-0.49156020832654906,-0.06054299586919837,-0.08340083947214486,-0.02419437873002207,0.4354035641005613,-0.22559630813435746,0.05053616856355348,-0.10896914208528888,0.2689940690691289
Chile,-2.5794317212030915,0.12250480748581163,0.3997304830920223,-0.9351189459791382,0.5933925423065127,-0.22083470097040453,0.08236135462274846,-0.25062363258717374,0.08755041902569698,0.44967077105811953,-0.40440414923389917,0.15202809937181802,-0.27008076689036936,0.03246332839872811,-0.039741431412723335,0.08006274031392115,0.1326648701548301
China,-0.5612035901062059,3.061547162523527,-3.843005831172999,2.90573741056634,6.563044095069655,-2.7705776193579346,0.5669446012759156,2.952640920309034,-0.5796313773256808,0.011573151560787049,-0.5417966158584911,0.29219326322482103,0.035730862582466785,-0.05920952021131113,0.09285932067080267,-0.06197774790648702,-0.051673688401815306
Colombia,-0.9433421418644534,0.3086714377814686,0.08284341040303013,-0.9506482314753048,0.4509624186123002,-0.27472444832213616,-0.23557446078195735,0.033658050882993285,-0.3789638481942143,0.11365115411870164,-0.4628567464154802,0.2072769206981464,0.0825192037547193,0.001244847819473638,-0.08400796380859929,0.18540543322710204,0.08634650805504432
Comoros,2.8875482280648823,0.3190476995834466,-0.17623782326341525,-0.7429291445024874,-0.5974448504262209,-0.2021290625540453,-0.2936543563330687,0.5231552206573121,0.08470434331486702,-0.29257014556036925,0.2216234193901762,-0.3535583955177328,-0.07082206074337488,-0.027309430146305397,-0.0868285892420509,0.08270646132877361,-0.08919717940081705
"Congo, Dem. Rep.",4.716847813177747,-1.0114423752076114,-0.6548644618871066,0.11422270122245252,-0.4390282980695914,-0.8719423807440202,0.1527107246366582,0.28224964531094726,0.24977809224408723,0.31979891020855106,0.4145746099979794,0.3739288110837351,-0.4616902717015763,-0.12080851076126857,-0.06645517779448865,0.05564140795251314,-0.19677576208573044
"Congo, Rep.",3.653479478784065,-0.5129717016536393,-0.04036970622827858,0.08279635027433066,-0.20109290941711874,0.3489867371901683,0.22224757936474795,-0.2560102463651562,-0.28211058873860034,0.12059295664145137,0.3648218788757751,0.6541018470099221,0.5099633663854305,0.14765743487391095,0.09024152242606555,0.0502172457855869,-0.02059218679774848
Costa Rica,-1.781740371431889,0.30822141480619153,-0.022937644268117334,-1.2890030152311904,0.3462335469787918,0.1340844305534425,0.21741740555854386,-0.05619888736297362,-0.28266899349750596,0.09701767783443675,-0.47113444424179934,0.3134399036735678,-0.14840350261924634,0.08160287133893684,-0.052588385334587096,0.12007895471570444,0.14888872376682621
Cote d'Ivoire,4.323890272824218,-0.8251045465597356,0.8482218347304167,0.11161886217559086,-0.09874282067635594,-0.3792001081095853,-0.04341721249554536,0.5718415233097753,0.17917755101729838,-0.024315627328438064,0.5779884318351092,-0.5442202683818878,0.39855241907047073,0.03798444210985253,-0.18254885771660712,0.18269412875180152,0.000771172146697198
Croatia,-3.351783281905588,-0.6951478259118913,0.18229347211806013,0.7643053300799735,-0.3205161786860083,-1.0566304499426598,0.05921144290290824,-0.6801846028090889,0.3837087047309263,-0.8610795567456953,-0.15470673754295797,0.25735964392078237,0.046952216468238106,-0.04156770728239326,0.03541752624612396,-0.10274905467805516,-0.060845739872078856
Cuba,-2.079656072031018,1.099488302963335,0.18540796539064333,-0.64178469082675,0.07407049475261403,-0.1831681558421428,0.04197863720796521,-0.34193410185052603,-0.5997493440128069,0.37766785682914866,0.12943408269484166,0.5161407767453314,-0.29614248783445696,-0.2653374603003818,0.016734607451322103,0.0872994202642541,0.12803023478814965
Cyprus,-3.876441569629777,-0.9230252821765724,-0.19769183759615738,0.7293324682914805,-0.3992330296713932,-0.3808926922240594,-0.2629252286375815,-0.2494856427859517,0.20123543931836738,-0.6002379308169026,-0.1202181456182086,0.029063214615939387,-0.24125147401464048,-0.032010154212562425,0.04242752406448936,-0.09223547513074115,-0.029656654016327916
Czechia,-3.846539404686164,-0.7526017659136609,0.20598088772469228,1.1544592449235505,-0.2528362784610161,-0.9613478638564074,0.045136382931786775,-0.9246354953040112,0.5550911173185172,-0.5337330399437167,0.05075332387386866,0.12844507348120238,-0.11492884558360973,-0.031199909562975275,0.04421366171047467,-0.08811248999275118,-0.021663648719315757
Denmark,-3.7760015951957224,-1.6361953517772803,-0.7927170681403153,1.3708207568493451,-0.8527608593697165,0.26947718533684595,-0.05144350375010666,0.4473878701176329,-0.05619229833708601,0.36233970556265976,0.18412554234103765,0.21887142273246776,0.04231333500328823,-0.041267850682651375,0.0623615667948914,-0.03410258039052757,-0.08056235672920121
Djibouti,2.6692067634265264,0.020942787489562454,0.528262697232588,-0.7156219048178323,-0.42264103397233993,-0.6457252201783044,0.5330427549998722,0.7688196847097379,0.30634145184015543,-0.25258507412113895,0.0615375642480864,0.32270233245094093,0.19834178063940602,0.03666683205618589,-0.22546805183102908,0.12105530620951759,-0.234946889775939
Dominican Republic,-0.07305826284369514,-0.4142964239732635,-0.0033517582245508,-0.7451823709214951,0.3190313303663441,-0.21476321690106742,0.35607401421455714,-0.39647187383159604,-0.09352744833524158,0.20670301579938913,-0.46908912901109445,-0.010189644550248204,-0.10722190327112688,0.20531837317303758,-0.05203316431150901,0.12265216579026635,0.0020837334005905203
Ecuador,-1.203729847702493,-0.022034578161315675,0.20448002598622816,-1.2764064722712158,0.4880721622731419,-0.2857031297285853,0.35186980300534265,0.013021536385645373,-0.4541181563401932,0.02199376689994962,-0.35225850724803626,-0.045230067475310685,-0.04304446801478441,0.09484117374436646,-0.05850974776839197,0.10902646860069037,0.06892165959231214
"Egypt, Arab Rep.",-0.6599997545166725,1.1894522195847732,0.5703352163547533,-1.4830111793370575,0.921341386022154,0.5123502342696024,-0.9753624592648763,0.7175949019631036,0.6586588362237428,-0.6993995741378557,0.10112321843134699,-0.40585910509648193,0.10429975385165186,0.001403531503619333,-0.04886631726920123,0.034901243334313554,0.010695644953986741
El Salvador,-0.860312263334474,0.4573128466543457,0.8105019301066035,-1.340518709749528,0.4610319188878858,-0.17859414323381262,-0.0861170439243494,0.31340351680810175,-0.05957501380435372,-0.2570904288413531,-0.26920269239380307,-0.15730948864458713,0.468848449327165,0.05092951084923588,-0.10233826188424253,0.0928294415338747,0.045636838407684635
Equatorial Guinea,5.177541864096265,-3.6701273276299435,-0.5735118720214961,0.46496305828491574,0.3381122663624623,0.3940323852309041,1.1128287623182616,-0.6871710850659326,0.28291822605014993,0.685358278328238,-0.6013864343236623,0.2545663398439407,-0.5359667710595762,-0.728598381916367,-0.17921333536986364,0.0457562917005325,-0.23502519590623963
Eritrea,1.9904364034672621,1.7241397843336612,0.6825116912956952,0.3464742893508397,-1.3172714143870226,-1.229702543706071,0.24008961048063493,0.6419854281792365,-0.8791406099855222,0.13464664693641287,0.1771835891798088,-0.09510799924326123,0.7262073431238305,-0.07836284612552023,-0.04716791716450744,-0.0051049351309422645,-0.06641488004799559
Estonia,-3.315924783179678,-1.2555706539593252,0.27278042717972495,1.4920096081557472,-0.26429684095653044,-1.1767580465086853,-0.11836167040387556,-1.2510721862463656,0.4918489501818599,-0.2138081053764815,0.13607141218391539,0.163779936275241,0.20816655016010616,-0.035502636809474665,0.03378511546172021,-0.05265350963400064,-0.046649424799321874
Eswatini,3.294499874510364,-0.5081826335427809,6.422422717101695,3.5584207739940825,1.6875057198615926,1.9169292441576873,1.6072964845602908,0.3770751635594793,-0.3190609116360779,-0.8631507372701174,-1.3558776056171462,0.26647809745290485,-0.673580335200393,0.02332255418190549,0.06437947455889485,-0.17961295514010336,-0.08100783766287735
Ethiopia,4.881916249616356,-0.9965654302841143,-1.4080526719510842,-0.3632371060883277,-0.32493387435775206,-0.5249144597409773,0.3878483321334752,0.3722281141764709,-0.9713292231899967,-0.004329420250946499,-0.408974910091155,0.41328140285386733,0.5120025855262498,-0.46295138965355365,0.13671724665485066,0.22316038063363092,-0.06187555210596387
Fiji,-1.1991334297396237,1.1174026302849094,1.0827840713479266,-0.8255139515526835,0.26497451349826584,-0.10934023246771572,0.2623896860360701,0.041046673755876166,0.2980371909932353,0.01737755703982511,0.8452742033079703,0.01686839589382636,0.3060689870536031,-0.02724066789727437,0.12695008195853869,-0.12126830641780757,-0.10576619032904243
Finland,-3.9095852547707555,-1.198708839548941,-0.468333490566661,1.0282875010822046,-0.686640540269955,0.09084086296156794,0.07140836592463853,0.4079861503419422,-0.13247330035262012,-0.1473343033018304,0.08414927790996542,-0.10314355161624622,0.049372887082611165,0.04902802877362043,-0.001722460373709591,0.015126758114154613,0.014896855388480746
France,-3.0115734075402294,-2.330644495423811,-1.660388790586118,1.3148771355435407,0.023250991871647503,0.27794333929899684,-0.8049636814202374,-0.5886590816759305,-1.3625854064760492,-0.10583506594998528,-0.41582880646895704,-1.746404045895889,-0.25279466907772735,0.14325599895424793,0.12692103468201923,0.07629469479677327,0.034781951827135005
Gabon,2.558024810729446,-1.573061537403508,-0.1135535945373549,0.3214142946909664,0.27980208338608026,0.310644839562891,0.14716765492510275,-1.0492603948740291,0.5368274677846969,0.6663350645082416,-0.3043562283657372,0.6393480905968967,0.20616733514371685,0.0726744511712707,0.1269569319354978,-0.06493669355189968,-0.08476277648694229
"Gambia, The",2.1822736191254815,1.3009441152275019,1.0220029099292511,0.20886558665597246,-0.8017828569713028,-0.5880261444626823,-0.9753549288435833,0.5981992515028448,0.23798817603104247,-0.1416862934790828,-0.2872189600129524,-0.4151627299410599,0.1980121696389796,-0.07674561931092859,0.12859817788622482,-0.16417635570167766,0.018972918797532833
Georgia,-1.047866940687348,-0.42871589077285455,0.03775320310285217,-0.8313531177064296,0.8057594667686437,0.2106147874179235,-0.04346020951909778,-1.0211185250660053,-0.32510665815571144,0.45466202108337195,0.8055542442839874,-0.048596816959453136,-0.22111401662872876,0.1571428848919059,0.1214986251559617,-0.004868186883179026,0.005173982621961261
Germany,-3.9441514675885885,-1.3885556421539411,-0.756407225208503,1.3726642168280845,-0.04498241673453345,-0.13266671356104015,-0.022139498362794864,-0.06135799846988351,0.12860542091092628,0.006224163462289398,0.2905783840654004,0.10300048216396795,-0.2048049887760121,-0.0037534474730735604,0.0295964717581555,-0.0033719608774568648,0.007519787465814066
Ghana,2.162147048193386,0.8583556355340124,0.4469952952677672,0.07508623772337449,-0.3165417886319591,0.06929384033149694,-0.9644766829698234,0.2294049850032309,-0.055989469864104226,0.02197908483653797,0.7124068284829336,-0.11125684223215544,-0.07774683027266244,-0.069895580505993,0.13148591640153204,-0.0686360920240948,-0.05524045327836692
Greece,-3.4315084842968693,-0.7357631159670703,-0.24267670945303715,0.2880677496522273,-0.21710643594844334,-0.05411080691106795,-0.7736507670048488,0.005964998472252238,0.16815187208738153,-1.0123034736936087,-0.14535901629702616,0.15961792387500173,-0.05012173087834301,-0.03553697611711461,-0.029979633748465448,0.05521409080636255,0.05639493300532286
Grenada,-1.5246083181826577,0.5865205802121202,0.5799809966511769,-0.17962874897045614,0.11646055592946046,-0.3111794788010874,-0.46128865174848677,-0.6432080411364506,0.3476951830304954,0.5444077538290506,-0.538368885556844,-0.11194902120825899,0.043888656169162724,0.024689689545958463,0.024736760952631037,0.012413525475590229,-0.0037902193609486044
Guatemala,-0.024381760846244785,-0.009984187759604905,0.3949380828078814,-1.5294755366197714,0.2711460454240596,-0.4751430634574657,0.05329929715608812,0.6733469801289159,-0.17515192781644787,-0.29752111018818733,-0.6610986461534204,0.0731343422199305,0.26101643630562993,0.136392228706644,-0.18078991209626458,0.12981285526966027,0.014945983155378288
Guinea,5.339801846889088,-1.4577991118386506,-0.8498673502528219,-0.7387486953313568,-0.446798860536535,-0.1987929501928825,0.5789398899688812,0.43640805682187517,-0.0200744671447487,-0.29749854865065317,-0.20470792985393454,0.0378278948814356,-0.009583779651495693,0.18224694284414786,0.03731025609301206,-0.0736189743031361,0.06246059055082102
Guinea-Bissau,4.120848656267705,-0.30037869495148267,0.7754624575717025,0.15504930782229848,-0.6068538584574871,-0.5631960320728433,-0.2561721180689655,0.7411217674198388,0.6245487955223304,-0.16240153382593253,-0.2537834025159241,0.04683773470857803,-0.5193086885922972,-0.141335739103895,0.10207891047782743,-0.19656061735799704,-0.05604821988033204
Guyana,-0.2637506800126496,0.704356995578991,0.8163261813576609,-0.002018134538248085,-0.062064569501681925,-0.39810184603947324,-0.024485946837670778,-0.40648777416211523,0.39537082658721195,0.34552138663456483,0.10426795329299765,-0.1776774494612845,-0.023517348076485048,0.025483694224038334,-0.004507673424378601,0.06940803278058044,-0.06640500367501449
Haiti,3.2639671804413695,-1.9529693083490234,-0.3768077258573487,-1.0044524587191006,0.24941912502645466,-0.48201011593122434,1.2518209781326919,0.019570783603577935,-0.04134963824839642,-0.061294153697983626,-0.27774769728434134,0.09995598940765274,0.046190155968669995,-0.008524277760715774,-0.10362277777564216,-0.01126288746642117,-0.09300478505221609
Honduras,-0.8672194523359864,0.9618716722172457,0.6771275632314707,-1.194126110211982,0.06327216190399901,-0.47701099159627386,-0.2867777268008552,0.475843624220885,-0.20091807565631778,-0.28282335253530294,-0.5836784931475562,-0.11986685367701569,0.13250269748282129,0.016441861137886565,-0.1155850530394643,0.10123694608003822,0.02958436270930622
Hungary,-3.266378745436817,-0.876653682273643,0.3677155120002688,1.0482995754429312,-0.12922613035261926,-1.0439437509401794,0.20061457422823792,-0.9167767290935628,0.1614198741105483,-0.7552297953897983,0.24505866745386798,-0.3787437821448434,0.2354464324447437,0.030477110537763922,0.037692949386759184,-0.055716805235308066,-0.02551751717056058
Iceland,-3.80507147181213,-1.1060896026008766,-0.8164059314080767,0.6731097918755802,-0.8845812329538625,0.5153778124975701,0.2761114354837429,0.9045431372437016,-0.2140861942151843,-0.30601346689310804,-0.0735729377603338,0.1242872148209226,0.07024151281527076,-0.004965194382043822,-0.06770254240143302,0.035912269109027825,0.045772192778057955
India,5.821165902336342,4.891228445458541,-6.726892061175034,5.077029083767017,4.111273863099814,0.5119032762272618,0.23982862774826094,-0.3353861785549263,1.1614039069099684,-0.2326329018758692,0.30981207165604596,-0.21758651882586524,0.06571063535757174,0.06071910549231286,-0.021920830880402944,0.030526787891480046,0.038115453507822555
Indonesia,1.4730961837735814,0.12758146974596737,-1.4308930195833425,-0.4512099652072869,1.204307567999722,0.031513685865355155,-1.2528077433310363,0.5792258751502434,-1.411107584443324,0.12955971413820863,0.31317308769150437,0.47714035639179625,0.09766618710885744,-0.2691471111472892,-0.017398997253896004,-0.034943880637199505,-0.11418570128487218
"Iran, Islamic Rep.",-0.4838137013688417,2.2861473309599365,-0.24963764054712761,-0.463086674166574,0.013398275820329084,0.7239780339144762,-0.7604736695915703,0.03865231270117122,0.042942104201380754,-0.24289613381689046,0.5001921145843498,0.10714592328694761,-0.235802247539763,-0.04820689606550022,0.04775489932124369,-0.006748569238001754,0.027903253556675636
Iraq,1.231913368744292,-0.5514179233554639,-0.9775168461801591,-1.7401824191466913,0.8343264411848716,1.272346486436756,0.14774645746147516,-0.4179692816117493,0.16848603576242796,-0.5785104238705923,-0.10719667318210091,-0.26746716102032525,0.288177948051226,-0.07505758140213177,0.018708079522808556,0.025320071415085743,-0.048346704239140226
Ireland,-4.0860826751041275,-1.7862311677493243,-0.4974845191766322,1.0773380600133655,-0.53656852367276,0.17131608969224765,-0.24765507738860018,0.30501374402078996,0.7452129022554649,0.17068822225862398,-0.24652330998981759,0.359511270324296,0.012113793039996247,-0.05604825991649262,-0.028321103497522055,-0.01691070627066402,-0.04639963970104302
Israel,-3.676345803843238,-0.40292555727709434,-0.3796828304308137,0.017676881790344854,-0.46458757563351355,0.4973810507763845,0.3662085368998843,0.7881773017335924,-0.1452293521760195,-1.000006781713246,0.8640807585061578,0.8538365713644996,-0.08121778679799968,-0.0642839443396588,-0.08953333100458877,0.07530975879975225,0.13182799882587204
Italy,-3.540084842393519,-0.7434878073703158,-0.6262436347543563,0.6810773605062787,-0.4105436516968334,-0.16759290588985587,-0.5328029563767941,0.6457989720739905,-0.09133796976703032,-0.6280578277853947,-0.39203750076700666,0.4060716641050121,-0.009907438804502268,-0.12610296081082367,-0.10832095688052579,0.06844389250003133,0.0475871846222846
Jamaica,-1.5260017801945411,0.5915755711654115,0.7457655906620018,-1.0940922570368803,0.4345178515776804,-0.01616774071538395,-0.1948036866299936,0.11672018005646177,-0.18582139506946893,-0.012591365091540484,-0.033485504726495,0.18711337294537148,-0.09339860905175555,-0.0060948554083271635,-0.041207351690621175,0.11018874652057004,0.07667824189702555
Japan,-3.199113681985215,-0.658145188010302,-1.376000656567562,1.4788653999951864,-0.45570657411906546,-0.46559124075456826,-0.08093865377331405,0.48918363238350043,-1.3529840319518325,-0.21113923357501396,0.06697734194133086,0.3615732881764691,-0.22711463634871762,-0.018536557916374458,0.010227764390934455,0.14091657696288948,0.07598802700547252
Jordan,-1.7428507249963114,1.319679197493742,0.6890718891791525,-1.3981478445673428,0.4586190203743107,0.38055930220163614,0.5860614141090766,0.10342205034098345,0.38936631593024923,-0.40583892698450075,0.677420239241707,0.022308953860251574,-0.2476121972951159,0.013856135000718563,0.01000167987577896,-0.02734883128153408,0.06250994294485017
Kazakhstan,-1.5253611325009964,0.5459802401601144,1.2670677069046343,-0.3563930767564241,0.34130667044024665,-0.6914710380751661,0.5345689931680562,0.025137269748386284,-0.016147983602677187,0.5855972294425922,1.0666379032591868,0.059543388765614574,0.27729802696943934,-0.027862594843819668,-0.0975586041410958,0.07057228905437654,0.00489688481642912
Kenya,3.172808716955217,0.5966100201050399,0.4772714445980808,0.571640670582702,0.01605402551009484,0.9104142301039597,-2.1987328698323676,-0.005290820797184953,-0.3936879102614801,0.06751844391686614,0.5479871889391317,0.08631698516269093,0.3915878916165581,-0.04457082199500163,0.16875659718080174,0.02441699728179331,-0.022150125400561726
Kiribati,0.42858980318656875,-0.870346940320366,0.6881622137816609,-2.2280619191310893,1.2388483595604882,0.7646425273355714,-1.4592504993081463,0.5779709628005488,0.793476042023293,-0.5685003724493364,0.6922207934211365,-0.4864613686155638,-0.2509523943622757,-0.013987889749947819,-0.06242709830180163,0.08400340516311555,-0.020423086845159893
Kuwait,-2.297250374716643,1.1761916018060816,0.2918901053145269,-1.3571094509926784,-0.062386973364428354,1.2389442514164664,0.5589819706591672,1.3607857312520835,0.6814664261215706,-0.05165695448741188,-0.36593094507495694,-0.3299518042191693,0.26357365241762115,0.03717137368913078,0.08036306778745039,-0.22947425757676315,-0.07456813396533551
Kyrgyz Republic,-0.7074431899797805,0.3564305916151908,0.6721520443774689,-0.3716695779280631,0.3539017108205768,-0.2782368795621301,-1.1071192667148844,-0.5238979602816737,-0.033079963440977043,0.46931641980805144,0.7117546823560794,-0.26264924305048,-0.2958923214852594,0.0277393109408953,0.01012389092041612,0.11584109177976054,-0.04523616781670727
Lao PDR,3.190080990138089,-1.1989237909047377,-1.0771040470153441,-0.4084871427728331,-0.41303998246140555,-0.5537491670100697,0.040326605112769566,-0.42982296373743206,-0.43713211352688774,0.3772564500931092,-0.4714991782806065,0.18453103455906644,-0.06768751853288414,0.02557253219091473,-0.031487253598272535,0.013925112130901043,-0.1776726742956955
Latvia,-2.7973954737961706,-0.7180437897676826,0.45040315893344784,0.9686563942773162,-0.2239578095820846,-0.7941267197383132,0.06133278394994937,-0.7109363403601469,0.1701234374501704,-0.7921770816315531,0.6955035324735113,0.25823793936937545,0.4419387928914765,-0.0182187198537822,-0.024088735591520558,0.01062914065962519,0.010557603180911996
Lebanon,-0.3069524483049395,0.09987377654022253,-1.1507875802472987,-1.5680810945975887,0.4881321490195923,1.4520516461897575,-0.8443059289583287,-0.6048092120408017,-0.0686361867257982,-0.16693791763387525,-0.3431721604481352,0.5229208183194117,-0.12283854670319719,0.11050101400933993,0.09443852769447542,0.06400970473061061,0.09186485809765856
Lesotho,4.220812134884872,-0.279614010725012,5.230993734170244,2.824961102668344,1.1645155472384618,1.6719769231738228,0.4060165969278118,0.6656815395742239,-0.6016068303373173,-0.7121758878344233,-0.14986350592570888,-0.009656033754255982,-0.3300441121897587,0.11155651528560563,-0.016049076434964563,0.08646954822950631,-0.09566095055412122
Liberia,4.57954792947328,-1.516865747732649,0.013583703730003465,0.08164117607673657,-0.035380592859718424,0.17466123093168276,0.5093506217564693,-0.11149272564327256,0.2610971216054665,-0.16351892457793082,-0.3408647793990985,-0.12889146027007042,-0.8120866085418922,-0.3027199640015099,-0.12327459268533392,0.07783040233613055,-0.12171260313137837
Libya,-1.1493639471455908,1.6696516658475051,0.4406274781644078,-1.129422502075768,-0.08327168346305283,0.4555286056116818,0.6991077165404408,0.45234057714460324,0.3747207833683452,-0.40715884944172226,0.036946752111356354,-0.1666763059260778,0.24143059862539204,0.03025738960287433,0.0033595239411762182,-0.05455114558356559,0.001474055704395248
Lithuania,-2.9202748327532526,-0.8917928351625286,0.401547715628698,1.3248285889376548,-0.23776604622467695,-1.0423023545464283,-0.023874582198588422,-1.1795696085977043,0.5463075731126757,-0.5337076733871604,0.35843896845207407,0.190967656371875,0.4512267066738648,-0.0029022924105437543,-0.014733635222486528,0.005833582767451077,0.0011420445063155475
Luxembourg,-4.855708214128995,-2.04084639250764,-1.0598643317947227,2.257885814714647,-1.6798074268905585,1.5094014764227914,-0.00684960495746007,2.115687822750604,0.767075957497977,1.5634140090662931,-0.3413719821619903,-0.4553460880462166,0.41924985849324503,0.004861445918985196,-0.0482261349694217,-0.07867386507219734,-0.1474571862592652
Madagascar,3.193717830916854,-0.043192772347202917,-0.9133193732531182,-0.26249880800178904,-0.6626302280623028,-0.3082214867697479,-0.08760035023987785,-0.04138141615689147,-0.8801223120149781,0.2150923676830397,0.3791579871458584,0.38877534900495236,0.06206426118388852,0.05274159239515682,0.08342442254639852,0.013436943645413209,-0.007991852211681335
Malawi,3.5836991095661253,0.4797418018711685,2.448743041421256,1.1850321979961334,-0.1372803032983274,-0.007618199197911255,-0.5372019980443207,0.844788175618888,-0.48401420086281305,-0.2163940912778305,0.16591466559057635,-0.250405990481747,0.3296676422632186,-0.061026990902902783,-0.007669609543467155,0.06838761592459888,0.13881211136854202
Malaysia,-1.0089297340307206,2.3426791492547743,-0.14020650534451162,-0.2400230680138733,-0.4517684723083534,0.3820921946790298,0.7922795460058042,-0.2842426473390947,-0.3729344231007296,0.0017584612911727576,0.4122646287490935,0.4047004406197769,0.14304836365312137,-0.011178283178243842,0.10719997096246955,-0.024232313443817946,0.06745940332521493
Maldives,0.23393142301338546,3.4996762760594566,-0.7316582470480457,0.32534720710089515,-1.4838353727579052,0.7455610469525202,0.33305546436399885,-0.6105219019177288,0.39031095526891924,-0.30403736428460515,-0.6420098556866886,-0.09653014888972632,-0.012979081797531104,-0.03205380763034303,0.036760907975471865,-0.04928583421584172,0.002358421859413251
Mali,4.69476441116402,-0.708435409089028,-0.07112761963000398,-0.5907135768897989,-0.6850989387039635,-0.7931618481518078,-0.04340182361770876,1.0727788500145377,0.3492401136682248,-0.24179429114072773,0.026314598778877714,-0.09778705597639271,-0.234560335578611,-0.14806202518066858,0.19493680602722468,-0.13806703330815406,0.15032386923976362
Malta,-2.9058982789377645,-1.195281158240709,-0.7105711720499912,-0.1117109683995509,-0.11629490100693986,0.3299878467923354,-0.7292019214971766,-0.09302224941781845,0.015982272280544385,-1.1667643230060067,-0.15268184324970818,0.33925629044407885,-0.13191286824737927,-0.0295763096994455,-0.007213717093418155,0.031625548051739796,0.03559229237357675
Mauritania,3.1557726348736277,-0.41860829892074186,-0.6137359249169893,-1.1152744588438397,-0.2801725118509715,0.11538586364308089,0.07288271743825422,0.3827152413057354,0.08226337247800344,-0.45014443668500875,-0.015635243197356007,-0.3813655897280457,-0.3090449647859727,0.10612455697568639,0.0026590823278948104,-0.083077606488437,0.1130052601814232
Mauritius,-0.7588057585641698,1.7848657017595624,0.33936528117431114,-0.02139318777275996,-0.3995996264296554,0.2561620906279786,0.132188841589931,-0.3830420915510224,-0.15601753039594235,0.11068775604591836,-0.1373399414328633,0.170392543928351,0.06600519680237292,-0.02119289509832904,0.02839876111548102,0.028954437357296428,0.02692560748616916
Mexico,-1.879012539810288,0.6798356670999914,0.34267154378410386,-0.9093637841281484,0.9134886208399896,-0.403088787792608,0.3286353213799841,0.45351730095611226,0.24719360206326468,0.004211527819047728,-0.3310172191988339,-0.08245568728373165,-0.15164577586772274,0.03217508691800455,-0.08931483380719289,0.06739244855801954,0.06670311182147418
"Micronesia, Fed. Sts.",-0.3184620995036313,-0.704431326268646,0.5685161765284312,-2.1524505229488478,1.151623826544109,0.499680164688769,-0.6144641841717006,0.26196347267297415,0.6580403460343173,-0.4756177106361299,-0.07325040848633763,-0.11102262129382238,0.28830332013289006,0.02159501250025686,0.08723058507037898,-0.19514837023137382,-0.17974400937842214
Moldova,-1.514209149660792,0.3548981852959038,1.0633479135965764,-0.3189559608832191,0.467779872813844,-0.6373294169409194,0.24706656088312937,-0.731567410964882,0.245433982199069,0.5141180017734067,0.419999853394146,0.06133685889581302,0.12479723502726257,-0.07377974569616738,0.0016742788389756142,-0.04165051892823986,-0.024348752403179894
Mongolia,-1.0582831993218684,0.5403271416202157,1.3604130863188995,-0.3561178947577976,0.08644010307420322,-1.2284789864447405,0.20210104683656488,0.04174438478953546,-0.009744957584095148,0.47207367686433727,0.5041379940748747,-0.13163510277355525,0.17331829222952788,0.0023763697275563257,-0.054570529729618796,-0.007819363724088358,-0.0684067288330974
Montenegro,-2.257678656543851,-0.02087162080122147,0.38240279456871723,-0.36999278571013855,0.36748790049935276,-0.7844845802751986,0.38752759329897235,-1.0103967208556426,-0.11735662714546403,0.8064667695851718,-0.21996811733989285,0.17407123669830057,-0.23667969280929996,0.018667082969360524,0.09775291563027368,-0.06661715290951122,0.004420986524958687
Morocco,-0.12286436835437312,1.9388626065529757,-0.026632467368842158,-0.9465264665692718,-0.40371124826991917,-0.09088193306530433,0.013716173180972192,0.49796475232883003,-0.07807352788008204,-0.6004261857866461,-0.5317971114055148,-0.3579652574208639,-0.2874881545537796,0.02685554827398726,-0.03998437657345459,0.029317070730287366,-0.060739629633387006
Mozambique,4.151323764359745,-0.9223235479900403,1.4605269670520096,-0.020647565091771614,-0.010692253493372068,-0.624001493830816,-0.35339750733250247,1.3683168612946126,-0.5160416635590246,-0.20670737848976156,0.1473666196701384,-0.1758308096720923,0.02060380803136819,0.0706478319272145,-0.07491855735591989,0.04885593845893307,-0.06730680668050593
Myanmar,3.1436853710420096,1.7955334468803346,-0.9567660151538679,0.4929462117877929,-1.0796783436152164,0.10803011517790531,0.21597360575071614,-0.3197219842700003,-0.1908920968347447,-0.20723211069648664,0.08399916942300975,-0.4786030914913088,-0.0942066349966898,-0.14729278892682326,-0.0015573599340365217,-0.07535496022184945,-0.14895214253135383
Namibia,3.241644096819075,0.7393867764179294,2.1122195003596556,1.7680298697453822,0.15515503255404953,1.505296841264135,0.10309101487565576,-0.39005178884308084,-0.42686245184697424,-0.19788664523601807,0.08368307601822972,0.29232172025756115,0.5812959169872548,0.025680089963035193,0.09613362091548798,-0.016736012633342765,-0.0033741252682480184
Nepal,3.4393705874799134,2.55084272338565,-1.7832309485344975,0.7482042615073734,-1.5755655680112188,0.8122669025792268,0.3637878277638893,-1.1016557838275118,-0.34076592168774333,-0.3200906540999267,-0.1875162924981595,-0.5839919944136501,0.11270172211118026,0.03740433880935885,0.009719727409739774,-0.04411560869646609,-0.08762442612126935
Netherlands,-3.885324128124325,-1.1385370074166086,-0.637311619611465,1.093262982792148,-0.7697444413518406,0.0019871098521960545,0.1866717904145803,0.5037805296513934,-0.2394920833673962,-0.08650243236282078,0.09254180664972898,0.07330519501661054,-0.09558088318548247,-0.019341325960232688,0.0015752098546328616,-0.01471986022417469,-0.016278846340791957
New Zealand,-3.725651091432823,-1.56927609419861,-0.5370402648288715,0.44263669390990074,-0.22679311292300017,0.28231040103221794,-0.08347155864576834,0.12534327859330296,0.4195013792656742,-0.45658280811343954,0.11133053204741891,0.4002034648281099,-0.08448079041020978,0.0653180994188874,-0.05005888461702673,0.0525579839062246,0.0597804048442505
Nicaragua,-0.8515987090452968,0.490141222758161,0.6676818117341506,-1.302501941749581,0.3253201660098619,-0.4112139255011325,-0.16299338327410484,0.24275767168180595,0.00862373840011802,-0.23217338688073044,-0.48682288033136967,-0.14350460061797124,0.17972641390953,0.0009265025255567564,-0.10546600513919363,0.09056747372990341,0.019858542507056886
Niger,5.3566586702288435,-0.7266455142305298,-1.0064833556072152,-0.5736775232769714,-0.9803840712608007,-0.5974083306684504,0.3367815711872718,0.6368647013657652,0.31739058232114853,-0.17851272784952382,-0.22577382548503955,0.5647322756175467,-0.04263861998609541,-0.17101247313429033,0.2575512499513639,-0.29818189523073413,0.5119678335169507
Nigeria,6.286260820517888,-2.968337091537202,-1.7477711347745917,0.8861777323326983,0.6291161552056025,-0.5848916380756549,1.2136247323497154,-1.1129837890661618,0.8507224566414502,0.7047982547637912,0.21854166385597257,-0.48861135987160553,-0.08747601745826782,-0.09129864804981418,0.08991807082073137,-0.0908995831691598,0.05201456626658856
North Macedonia,-1.7356393263583219,0.6199277618926996,0.3209667267756588,-1.085635549344806,0.2634349362609474,-0.34870955183442404,0.6493051525277532,-0.21936315893381608,-0.546932184208289,0.01195760855414414,-0.19833201127158193,-0.19963218660511997,-0.11185171150806075,0.03973785125607205,0.07488260049386905,-0.09501018417475943,-0.004089668148798337
Norway,-4.153252860646584,-1.588741639914736,-1.0517425660441715,1.0117498401407194,-1.0469177289031455,1.2793285979452984,0.5247713849639293,1.5936970552200405,0.020145579917572418,0.3667389611871367,0.42159940713390054,0.19170264154948793,0.21163063618369649,-0.01933767149409134,-0.04927428973111114,-0.017789216550533317,-0.015208844757085425
Oman,-1.5093481423312562,2.093089303443483,0.06864350732228482,-0.5447916439491257,-0.6615780038987361,0.5083081154171083,0.9085027665742426,0.4897549900588507,0.038462666831988755,0.04692086476196933,-0.021752749863072764,0.08058949183191631,0.15205550037613322,0.012706929268676233,0.02628017199436719,-0.03765642123557026,0.03156004426146412
Pakistan,4.6396581870017295,1.121911007552042,-2.5427291298335915,0.35031020941299906,-0.20256789516099366,1.0942101456868651,-0.6842111698229595,-0.4823073786889534,0.8554660385966686,-0.3356548058034494,0.23242641298265646,0.2119333210005368,-0.6857175876631555,0.4535586170397471,-0.05957267850073367,0.14829833992443606,-0.12981035652893755
Panama,-1.5213143456651474,-0.0036325575891940996,0.175073983889681,-0.8937756644346316,0.36222712960029524,-0.04830079359656639,0.024743410797208428,-0.22067985954448288,-0.11345236387250286,0.3734156831066422,-0.22988290540637246,0.2506505195613806,-0.3396801274090196,0.018945937022302777,-0.07802287764540067,0.1643083420212396,0.09965103090198889
Papua New Guinea,2.460139445463962,-1.809162276071725,-0.4130384067103293,-1.8228053857067072,0.5647261294850661,-0.006649317597358778,0.009161728801022484,0.4539925672765231,-0.4994311584885373,-0.283811083697669,-0.44000907649120063,0.24568713768452283,0.5372195066609492,0.5667465432698383,0.09487483431683243,-0.10965464952200991,-0.2193965736194085
Paraguay,-0.6905031898474047,0.024784555846055756,0.23903587383551841,-0.9251045665684231,0.3472931925619882,-0.14867039466116239,-0.9640431579533695,-0.16663085164466213,-0.08551360454553172,0.2295064282569607,-0.35674420551954933,-0.022650030893510288,-0.09872913513537358,-0.01023422146437299,-0.00889072415731197,0.08660353772975833,-0.022684431139216546
Peru,-0.8761969426496358,-0.09553652831611821,0.019546699043385938,-1.0633446541099323,0.6609439512525941,0.1718807005784518,-1.6152658271135116,-0.1054867905022087,-0.3050341241596241,0.2818108294182793,-0.10778930068488175,0.2315482198952599,-0.22711951432149868,0.13452425067985496,0.07853444486455768,0.07671392204687116,0.044969422503250735
Philippines,1.3023050490698176,-0.19497952976862026,-1.2566221757637956,-0.08654558378771249,0.5673735294074067,0.59748629958277,-2.3941315785380803,-0.8194903843943171,-1.2596636110348396,0.6270486045977111,0.376669486832021,-0.12823878111582784,-0.03764824098889939,0.09292896389043354,-0.961199932205208,-0.8079992482771357,0.18140333553618834
Poland,-3.2448054952501053,-0.32389036458369364,0.1942863305143282,0.9405888662228593,-0.16924468922598804,-0.9482768493187684,-0.03270420420086589,-0.5688914467779733,0.12646028591007394,-0.8795833338617423,0.4583969539812166,0.36832588343681794,0.06167785859495765,0.05792976546557424,-0.00570903648128672,-0.02292979663583095,0.025282615803769923
Portugal,-3.24368191426586,-0.9172577819555022,-0.15558746515558425,0.7080034776052924,-0.46225659722153134,-0.780088141460138,-0.6444046912368926,-0.1534726385809651,-0.01071219897700604,-0.8135717507227982,-0.9042335173158974,-0.07376390142309154,0.12378159152205472,0.003278455162168662,-0.008636983781908775,0.01738982626975469,-0.013303084048648339
Qatar,-2.7453940148746248,0.7871126505208165,-0.48827344829130626,-0.5847944037462426,-0.5803073576444753,2.028324948930413,1.1441502566046027,1.591483098056804,0.796789686191547,0.9076181762087983,-0.09918772428639468,-0.1832931778051469,0.1390854161896904,-0.06030881771857925,-0.040284866564047894,0.0064944393482828,0.049834432746740306
Romania,-2.5558898973407134,-0.39041720215231757,0.20974349610783422,1.0468723113450462,-0.385548264130362,-1.1078880514693457,-0.10437150701822112,-0.7485948628182943,0.4127715806783285,-0.9233671878431841,0.2339088502526505,0.29157436218023963,0.13794550782658857,-0.0295374984307802,-0.0396976915059256,-0.08562079518600865,-0.06678812832655448
Russian Federation,-1.9010632163289796,0.16622642577501257,0.8472320534255448,0.6208729285239439,1.227076763661397,-1.1619248447925001,0.27666835762609193,-0.6689705954055216,0.13566959789526828,1.0785393029719732,0.47775663239543015,-0.3713246233615613,0.5856801390644781,0.033054392856840586,0.007574684270263295,-0.004993891094822426,0.029688990615960635
Rwanda,1.8926289179970714,0.8629220587206489,1.4400214621196847,0.978192188252895,-1.0194832380709857,-1.8868396602663537,-0.10700381394716786,0.4651950520775167,0.0984054239019078,0.41707504955452784,-0.546090013284121,-0.4821124420231063,-0.13502481808395916,-0.011970920457708435,-0.033914411483551815,-0.03822912687614638,5.4572499217199675e-05
Samoa,-0.23945814196552725,-2.2859242405353353,-0.756045782705929,-2.647757105631819,2.118367351342956,1.87862929194632,-0.5075494493751892,-1.0724286052001313,0.44511433383090426,-0.39439316810718517,0.13050025591199416,-0.3212963894219162,0.11389674577202215,-0.38649397368139937,0.08666467684471203,-0.08255427865483468,-0.036721438444094444
Sao Tome and Principe,0.6678541812148047,1.0048701640014472,0.38654709629934975,-0.062263434523939065,-0.4281796639690689,-0.4110885714429366,-0.5730610688738733,-0.24953829458045743,-0.10922318178616128,0.03263352260647839,-0.451557426843039,-0.8020876839379713,0.016342116433139483,-0.0076200058277068345,0.10410089853417082,-0.08219065111559487,-0.1006732873986404
Saudi Arabia,-1.5538836380259222,1.9846475130784602,0.04592912318406906,-0.7915157707070516,-0.12769701445834833,0.95548044904265,1.1146036819453835,0.29508305934756723,0.6459663826131296,-0.22774483044436017,0.23183927343503147,-0.09630858382414295,0.06078824058737113,0.027331480012041273,0.04605908905593953,-0.1338427890579673,0.01826916017881353
Senegal,3.0554275225596426,0.8810105629933495,-0.4229359281268921,-0.5069486689606241,-0.7361256299045006,0.2817230716425628,-1.9310965441872323,0.5123829778895579,0.07424271683829632,-0.24619085835724658,-0.2786810459777299,0.2583602135551961,0.10592416279860521,0.01828801361845402,0.16256161106172926,-0.07318128380020414,0.0750044730995225
Serbia,-1.9830605220923905,0.15417854642616113,0.3532953477519674,-0.3916347061825372,0.3750877543306877,-0.6290104689381703,0.031065591834910294,-0.8987385649650171,-0.28181676334564576,0.6902988309164043,-0.16235243157176033,-0.011897393010691142,-0.114808402994966,-0.03888149429142913,0.12261973126300693,-0.08435588271063664,-0.01955419411633474
Seychelles,-1.5193596394605795,1.2651842942473468,1.3601851701940533,0.6496634240687632,0.005750527215213108,0.25249047689252435,0.7768564595252316,-0.4581247270364186,0.12361569278164222,0.2883353081804375,-0.7436741591824366,0.10708765086184495,-0.2497605020262679,0.0185454248279983,-0.028442235048534655,-0.07021685689855656,0.004758394349063279
Sierra Leone,5.614483137208024,-1.0757629434150453,1.096118680374681,0.3576952037822156,-0.7092947703074817,-1.3092536478355778,-0.39975255749231453,1.1054050310372712,1.1548292343852118,0.15567038220512786,0.848872479063909,-0.7286127403421901,-0.3521533168379272,-0.03172235732276955,-0.16377621994977282,0.26375770163165596,0.11957045472063038
Singapore,-2.733208637176823,0.7177031215283136,-0.4102755321907913,-0.3319709818474073,-0.7782904135837003,0.614788434418687,0.5666173668189199,1.376100747281925,-1.0913082602024875,1.2769683138609726,0.03932215046243192,0.6963312977818071,-0.10052341061363637,-0.027522639782455515,-0.0024141680029648293,0.03594764780085169,0.08635243075352514
Slovak Republic,-3.4368458461348546,-0.5662021261535606,0.4030204278534754,0.8934759142879665,-0.3788399173552878,-1.106191459132043,-0.08371089115844563,-0.4510460522627207,0.17831506736686825,-0.7307155577436302,0.25904153739149005,0.27742265973170777,0.08412838875326578,-0.040174729647881754,0.020425727933178275,-0.09029805733062699,-0.04931578315196922
Slovenia,-3.5289951083637714,-0.9889637213773661,-0.26722844161453335,0.9075263571641534,-0.4042419382339597,-0.6400501494926856,0.26105912155499766,-0.6588852340163547,-0.08187716746149226,-0.5603930046832669,0.10678166273865447,0.12494350745252455,-0.09258960127659425,-0.010170301739192799,0.015121900026479226,-0.014436757999931557,0.026092400697937494
Solomon Islands,-0.11308800377741131,0.28296801696376184,0.4119856625107683,-1.6081639681090523,0.3129169163059416,-0.00573612534438087,-0.9775554436097151,0.5874871338183915,-0.4935826897494411,-0.3341627044497743,-0.40305897231895266,0.05788785687039497,0.4026268886822063,0.17645935765038262,-0.0192428757791385,0.031671771322746296,-0.03573771158241462
Somalia,6.688405879329301,-2.9697189420781873,-1.6471083072830306,-1.267487166258619,-0.21541900759484897,-0.28309445300769154,1.2187183012956961,0.29811175031933057,0.22839940652587623,-0.23092055688308247,0.08103302213615024,0.09185532810163399,-0.11569465194474357,-0.03997407712326778,-0.07329340634446165,0.05639241530486513,0.22430463871508205
South Africa,3.0241127212345313,-0.7896594415096887,2.3936617330898757,2.4360335871222705,1.6261327618111476,2.5109393162729057,0.08066877457113998,-1.4580162894558215,0.364166906344848,0.03747937406335913,-0.079771061942774,0.3146253689804177,-0.02881150473770966,0.0397659171485609,-0.21345443269906714,-0.034098860376222714,0.14265472806121382
Spain,-3.6759394883962817,-0.8385825332567229,-0.36962678535708604,0.708269632488471,-0.3218430671946248,-0.588810862755245,-0.16496842215322202,0.15914536301511165,0.04464441977088421,-0.7343753527068808,-0.6265828548964875,0.0658107172648317,-0.0346329837546524,-0.012657664998824258,-0.08690947690318905,0.07731489212223716,0.06367232728983967
Sri Lanka,-0.08673338374577996,3.515405486876687,-0.8783494394562299,1.0987992986239472,-1.3724628171501323,0.3739984009060807,1.0142101629477094,-1.5048596233717835,-0.48719488370180597,0.3368604469015355,0.8560266176018433,0.3515655902402319,-0.24473076194055382,-0.03186199631557422,0.12306097065770445,0.04467255848008233,0.12179097240522815
St. Lucia,-1.7971936727228401,0.2143706300966283,0.5943093812536326,-0.17116387253849116,0.3923646787913506,-0.16678709708092399,-0.14285137030873693,-1.038575949409586,1.2671004737929972,0.5340046450228453,-0.8577259906017753,-0.46337842070238394,-0.10574436384712144,-0.011479125627815695,-0.10726330938450841,0.12260109002864882,0.06453890861783793
St. Vincent and the Grenadines,-1.47731181342857,0.8969460533217292,0.8703603400250176,-0.4215559607935733,0.10827534875637007,-0.32670008118140054,-0.3149681230556638,-0.2281074689662647,0.2917969346557563,0.29616398056912335,-0.16734830501442477,-0.13578946168737555,0.015584803679701002,0.01784522228628544,0.002097049208277318,0.018999521227181067,-0.02769306077861773
Suriname,0.576284611432293,-0.542558138761563,-0.37253771400786945,-0.8164759640300449,0.6565389721698102,1.415181033615126,-3.0632669692685477,-0.5556870247324543,0.11802554072235755,0.3834524759295116,-0.10816801798797143,0.3338540077972696,0.12286240802028824,0.074345347414864,0.14266791030237827,0.09118510580705844,-0.09793921172579712
Sweden,-3.584532046094728,-1.6268652370466945,-1.3455086991499332,0.8167064524539562,-0.5975525952976415,0.7560938560458039,0.8077516979404195,0.3118021757410583,-1.235273674215745,-0.3020382150656128,0.3619580573696891,-1.1140849913106419,-0.18971104431838307,0.14034619974092444,0.09059054644441827,-0.017161020097003037,0.03567669469328727
Switzerland,-4.285953629374029,-1.9739622060405748,-1.252884070195941,1.7073343722490548,-1.259324208696508,1.1615702799088299,-0.40088403417846147,1.448730735900205,-0.006022610274396473,1.0356515760439107,0.05696691050683139,0.029918968348801058,0.002654105237777588,-0.09098566499474886,-0.029593733051073056,0.04388973605546076,-0.060086966682522135
Syrian Arab Republic,0.7252678963678122,0.07004247173268728,-0.9845240129563196,-1.6468853402725594,0.5561543521603032,1.0661756827369877,0.5778339559855754,-0.6758584702800441,0.25949736578819255,-0.6261020010879239,-0.48188786570987174,0.25145261246940165,0.3515195939333766,-0.04815176529912287,-0.01485315626857607,0.05326029613769511,0.0907650043656692
Tajikistan,0.0014997429290325495,0.30143558352242644,0.21310316441259342,-1.0060900529030228,0.12993719287477315,-0.34124101394705986,0.7479510037938826,0.1025671260837813,-0.5408754180034265,0.008416411357338414,1.2198386589425483,0.0043364471817136496,-0.7309341699810398,0.08969426861215854,0.07619719935679824,-0.07802708021643544,-0.17803224409992072
Tanzania,2.4799611466094773,0.5399614628648235,1.4217010959172252,1.1459961548800992,-0.2222850084500705,-0.6202604832800954,-0.8228999752827092,0.1361251129388169,0.12787418946246945,0.29851107406223637,-0.047476185295951615,-0.2518597920940534,0.09004385825745527,0.008309419533033968,0.06547613103537235,-0.017469308285473495,-0.008086643058439444
Thailand,-0.7339375277695215,2.121358091458128,0.05358735701453504,0.6672110496529602,-0.47172303218595474,-0.6286737660982696,0.3480440730131928,-0.6269508875357378,-0.1424572686073337,0.4105227184310429,-0.41266095041971435,0.025234588231977863,0.17953955361484805,-0.009313898074501637,-0.05103901862525108,0.06098814749939101,0.052185937288499996
Timor-Leste,3.7819285095701423,0.5803490466302481,-1.536401845151494,-0.1928783573637157,-1.30740692904465,-0.04160602895867082,0.1388486302027791,-0.22032240490936486,-0.4239446618952684,0.03480802445608413,-0.2175387168656927,0.8734634009081075,-0.15486665776564632,0.08579205618898815,-0.2291505834660265,-0.02599832089314436,-0.20990974212445884
Togo,3.426852449272373,0.1516534543898494,0.412067438927139,-0.04351342107958819,-0.49850952383575275,-0.22047025998523728,-0.24822971198993152,0.38898313663529466,0.11263736915419206,-0.09612411513680111,0.2786782852195638,0.13671044369409568,0.1272892540887703,0.03215630076431406,0.08644844402094981,-0.083337337860209,-0.04088396866300387
Tonga,-2.239617101561607,-0.10037741674573572,1.0673588796257498,-2.3433237543373395,1.5382869029837376,0.6341400858601017,1.0610172015885984,-0.020561885290595903,0.7549389564450537,-0.6570971104668287,0.5805779070948348,-0.4400177784246692,0.20790600521591832,-0.5105874603048638,-0.010276540189360335,-0.20979287054806448,-0.02582965902170222
Trinidad and Tobago,-0.9879555559139652,0.6071033338733131,0.18485009125083146,-0.08014818161237704,0.04737861032975494,0.5484177928711798,0.24995153976087917,-0.5835442644205014,0.516632384285384,0.5789746603467213,0.43479536368123467,-0.16600900306439062,-0.023847443906440956,0.04974856058995253,-0.05757218435482656,0.03548573330253041,0.016396589697303225
Tunisia,-1.0521605193364738,2.0616625514454365,0.21075235907204176,-0.8544189813065314,-0.4133521652691993,-0.16236601690618785,0.7421724613922273,0.13332608754871264,-0.03544532127395803,-0.39785632138987986,-0.3329838336458272,-0.010201812904959653,-0.10506371828919768,0.016784310260529307,-0.029750158953007477,-0.003999646704122489,0.03393334063588846
Turkiye,-0.5192435008519465,0.970299796962229,-0.3671984134029113,-1.1109747266483294,0.5745673068423892,0.8091787438071568,-0.5831963210648771,0.13887900327550132,0.24616626134523736,-0.3387095971650688,-0.22272745059302776,-0.23518041277010768,0.020176528364305137,0.020565738852896608,0.026065339719899026,0.04557311153681461,0.027682539194738755
Turkmenistan,-0.6392239555013534,0.7793983532342912,1.1627549372188601,-0.6340270721995356,-0.00092043017003669,-0.8146338128798,0.5285225249746376,0.42922179270487826,0.1375197014580933,0.18983285597746213,1.0690315748354355,-0.01730051652186122,-0.3022756490770003,0.043843607510942746,-0.07338913638297355,0.021485959596592687,-0.12824673269352163
Uganda,3.72345597372409,-1.657800185776011,0.7442825356145933,1.2586169316645561,0.13361002591760593,-0.8196143768909482,-0.22281639719106167,-0.6946263802996587,-0.1888625575357943,0.7851948125919597,-0.5489091821451404,-0.08927461933820202,0.3239425235979774,0.0647047827819971,0.06303763879608569,-0.008393723101170357,-0.02350522722835825
Ukraine,-0.4160077174680849,-1.277129384551873,-0.28324580373280506,-0.5176991195893257,1.2620015580726303,0.03664629400768657,0.4094829782326725,-1.4643628990835156,-0.7028059813005336,0.6141401408095626,0.3199391775548839,-0.3390745820903732,0.45480065303054723,-0.01873333877887537,0.07582075467821518,0.01620823246143779,0.021528205924524566
United Arab Emirates,-2.393502060320533,0.8883671070263721,-0.2728775766291751,-0.5212981160330558,-0.3492074598816119,1.5102143018086864,1.0213600334060908,0.9424503772451408,0.5769173049455082,0.7272550244417912,0.0826961167001278,-0.09791560381944671,0.11360345239009807,-0.002227257184678977,0.07127212953752507,-0.11598950385635132,-0.013703817737685014
United Kingdom,-3.8912666386468495,-1.5685644769742288,-0.7705017194353085,1.0653977208001661,-0.11515399652401288,0.23637237447947754,-0.09218007979447147,0.2765234517064217,0.3040984477914275,-0.0718889829609982,0.16530276386382686,0.12205441730395544,-0.09994409685426459,-0.02497842538919073,0.018921249405794704,0.028087337741095345,-0.004209619496750829
United States,-3.982819932398634,-1.1770120683350593,-1.207493168528455,1.5735012779943012,1.2718389187892645,0.47518222350355277,0.08216957496328005,1.3440680611602387,0.8886274526051614,-0.12775885727978287,0.5865579265099213,0.0533830421811391,0.21135031363604784,0.11950846835001287,-0.045218858448791206,0.02950174731443374,0.0332637094289817
Uruguay,-2.1568865702607956,0.35547128353161517,0.4900988017171071,-0.8571627273261571,0.23957498044002545,-0.3405430318652882,0.23078444911224974,-0.0010046218362236398,-0.0057042445459739325,0.38126640263607525,-0.5379930288969353,0.09329859427787121,-0.09254806869534347,0.02303348345613215,-0.03982985463840226,0.04704574595227425,0.06132206698217524
Uzbekistan,-1.0515461848502297,1.0736086626609862,0.8707781678988888,-0.7526597832917468,0.25611783334941035,-0.42815165507941405,-0.19211959172008564,0.2901354678430111,-0.0810357436408107,0.08697100482858648,0.9775079453788157,0.08869094442283719,-0.4130012228248206,-0.03423940454517834,-0.0006299994827598462,0.008333080800378551,-0.07894779544059408
Vanuatu,0.8515866713986036,-1.3718439554120638,-0.8559521671741968,-1.9855068451641211,0.7856196465305724,0.5957847139020442,-0.012429454591761223,-0.24897472935454487,-0.8070261552950463,-0.20864419426936306,-0.3135054429650156,0.2826117961705572,0.2904630332137538,-0.12326913005243748,0.11397333143208828,-0.13936077797022334,-0.17607251150796707
"Venezuela, RB",-0.7403279313558646,-1.2077702774326815,-0.3764167189897788,-0.9705687135414495,0.8508375403739794,-0.0206417161938682,0.46850227784717036,-0.7003981682326859,-0.19336951835064722,0.4584138583651799,-0.6647707563889673,0.06786817962710584,0.12277228657484855,-0.09065443372785707,0.011570925922197599,-0.005337806668146232,-0.04322319156925939
Vietnam,1.3121752692313908,3.2673886007552153,-1.5950794353569266,1.146356441591706,-1.2154650671926912,0.5129749022140813,-0.3360558750171941,-1.0772287678083068,-0.7975826381960349,0.18482466068546455,0.05929875935130151,0.26698064526966797,-0.16689188087764031,-0.20308663326029433,-0.03263919529481753,0.05547052667830384,0.0811226460731715
"Yemen, Rep.",3.55985400364393,1.0514423985285484,-1.4387849758253752,-0.08130771150572377,-1.100129014061488,0.1348110579827234,2.153698634014874,-0.5866588338862218,-0.09557252597990032,-0.49082893409068784,-0.41459067560755974,-0.6244933037703063,0.4238221948586561,0.22158836338844395,-0.10645345922399717,0.08370568247883702,-0.03020777654036114
Zambia,3.9243844443459226,-0.30450564001538477,2.22731449619953,1.5438761038234405,0.30468799654705964,0.8060807226665627,-1.5418188133588018,0.2869230981824282,-0.7648053275292994,0.12355491484022009,0.471827046091878,0.16204787687903588,-0.0384493367193144,-0.036213281446187365,0.12429510920039774,0.08204935787606006,0.08773222036892545
Zimbabwe,3.835975048260573,-0.6396554427668567,3.048339570769452,1.7601597902458428,0.8215854911656781,0.9135008763718848,0.02946181477113935,-0.04652403584487791,-0.6082203454730939,0.029407803962901435,0.669083224957255,0.16936332157586978,0.9132003810265799,0.0029947957798631686,0.0026579369461470215,0.11072963974821093,0.17631425182735275
